{"v":"5.6.5","fr":23.9759979248047,"ip":0,"op":72.9999936816292,"w":800,"h":800,"nm":"HappyChat-042020","ddd":0,"assets":[],"layers":[{"ddd":0,"ind":1,"ty":4,"nm":"smile Outlines","sr":1,"ks":{"o":{"a":0,"k":100,"ix":11},"r":{"a":0,"k":0,"ix":10},"p":{"a":0,"k":[400,427,0],"ix":2},"a":{"a":0,"k":[222.767,134.337,0],"ix":1},"s":{"a":0,"k":[100,100,100],"ix":6}},"ao":0,"shapes":[{"ty":"gr","it":[{"ind":0,"ty":"sh","ix":1,"ks":{"a":0,"k":{"i":[[0,0],[-55.544,0],[-19.665,40.276]],"o":[[19.665,40.276],[55.544,0],[0,0]],"v":[[-122.766,-34.338],[0.001,34.338],[122.766,-34.338]],"c":false},"ix":2},"nm":"Path 1","mn":"ADBE Vector Shape - Group","hd":false},{"ty":"st","c":{"a":0,"k":[0,0,0,1],"ix":3},"o":{"a":0,"k":100,"ix":4},"w":{"a":0,"k":45,"ix":5},"lc":2,"lj":2,"bm":0,"nm":"Stroke 1","mn":"ADBE Vector Graphic - Stroke","hd":false},{"ty":"tr","p":{"a":0,"k":[222.766,134.338],"ix":2},"a":{"a":0,"k":[0,0],"ix":1},"s":{"a":0,"k":[100,100],"ix":3},"r":{"a":0,"k":0,"ix":6},"o":{"a":0,"k":100,"ix":7},"sk":{"a":0,"k":0,"ix":4},"sa":{"a":0,"k":0,"ix":5},"nm":"Transform"}],"nm":"Group 1","np":2,"cix":2,"bm":0,"ix":1,"mn":"ADBE Vector Group","hd":false},{"ty":"tm","s":{"a":1,"k":[{"i":{"x":[0.18],"y":[1]},"o":{"x":[0.82],"y":[0]},"t":34,"s":[100]},{"t":54.9999952395837,"s":[0]}],"ix":1},"e":{"a":0,"k":100,"ix":2},"o":{"a":0,"k":0,"ix":3},"m":1,"ix":2,"nm":"Trim Paths 1","mn":"ADBE Vector Filter - Trim","hd":false}],"ip":0,"op":72.9999936816292,"st":0,"bm":0},{"ddd":0,"ind":2,"ty":4,"nm":"circle 3","sr":1,"ks":{"o":{"a":0,"k":100,"ix":11},"r":{"a":0,"k":0,"ix":10},"p":{"a":1,"k":[{"i":{"x":0.248,"y":1},"o":{"x":0.79,"y":0},"t":2,"s":[529.505,498.807,0],"to":[0,-22.096,0],"ti":[0,22.096,0]},{"i":{"x":0.55,"y":0.55},"o":{"x":0.167,"y":0.167},"t":16,"s":[529.505,366.23,0],"to":[0,0,0],"ti":[0,0,0]},{"i":{"x":0.55,"y":1},"o":{"x":0.45,"y":0},"t":30,"s":[529.505,366.23,0],"to":[-1.167,4.5,0],"ti":[1.167,-4.5,0]},{"t":38.9999966244321,"s":[522.505,393.23,0]}],"ix":2},"a":{"a":0,"k":[41.817,41.817,0],"ix":1},"s":{"a":1,"k":[{"i":{"x":[0.667,0.667,0.667],"y":[1,1,1]},"o":{"x":[0.333,0.333,0.333],"y":[0,0,0]},"t":2,"s":[0,0,100]},{"i":{"x":[0.55,0.55,0.55],"y":[1,1,1]},"o":{"x":[0.167,0.167,0.167],"y":[0,0,0]},"t":16,"s":[100,100,100]},{"i":{"x":[0.55,0.55,0.55],"y":[1,1,1]},"o":{"x":[0.45,0.45,0.45],"y":[0,0,0]},"t":30,"s":[100,100,100]},{"t":38.9999966244321,"s":[49,49,100]}],"ix":6}},"ao":0,"shapes":[{"ty":"gr","it":[{"ind":0,"ty":"sh","ix":1,"ks":{"a":0,"k":{"i":[[0,-22.957],[22.956,0],[0,22.957],[-22.957,0]],"o":[[0,22.957],[-22.957,0],[0,-22.957],[22.956,0]],"v":[[41.567,-0.001],[0.001,41.566],[-41.567,-0.001],[0.001,-41.566]],"c":true},"ix":2},"nm":"Path 1","mn":"ADBE Vector Shape - Group","hd":false},{"ty":"fl","c":{"a":0,"k":[0,0,0,1],"ix":4},"o":{"a":0,"k":100,"ix":5},"r":1,"bm":0,"nm":"Fill 1","mn":"ADBE Vector Graphic - Fill","hd":false},{"ty":"tr","p":{"a":0,"k":[41.816,41.817],"ix":2},"a":{"a":0,"k":[0,0],"ix":1},"s":{"a":0,"k":[100,100],"ix":3},"r":{"a":0,"k":0,"ix":6},"o":{"a":0,"k":100,"ix":7},"sk":{"a":0,"k":0,"ix":4},"sa":{"a":0,"k":0,"ix":5},"nm":"Transform"}],"nm":"Group 1","np":2,"cix":2,"bm":0,"ix":1,"mn":"ADBE Vector Group","hd":false}],"ip":1.99999982689395,"op":72.9999936816292,"st":1.99999982689395,"bm":0},{"ddd":0,"ind":3,"ty":4,"nm":"circle 2","sr":1,"ks":{"o":{"a":0,"k":100,"ix":11},"r":{"a":0,"k":0,"ix":10},"p":{"a":1,"k":[{"i":{"x":0.248,"y":1},"o":{"x":0.79,"y":0},"t":1,"s":[400,498.807,0],"to":[0,-22.096,0],"ti":[0,22.096,0]},{"i":{"x":0.4,"y":0.4},"o":{"x":0.167,"y":0.167},"t":15,"s":[400,366.23,0],"to":[0,0,0],"ti":[0,0,0]},{"i":{"x":0.4,"y":1},"o":{"x":0.6,"y":0},"t":34,"s":[400,366.23,0],"to":[12.25,-8.417,0],"ti":[-12.25,8.417,0]},{"t":54.9999952395837,"s":[473.5,315.73,0]}],"ix":2},"a":{"a":0,"k":[41.817,41.817,0],"ix":1},"s":{"a":1,"k":[{"i":{"x":[0.667,0.667,0.667],"y":[1,1,1]},"o":{"x":[0.333,0.333,0.333],"y":[0,0,0]},"t":1,"s":[0,0,100]},{"t":14.9999987017046,"s":[100,100,100]}],"ix":6}},"ao":0,"shapes":[{"ty":"gr","it":[{"ind":0,"ty":"sh","ix":1,"ks":{"a":0,"k":{"i":[[0,-22.957],[22.956,0],[0,22.957],[-22.957,0]],"o":[[0,22.957],[-22.957,0],[0,-22.957],[22.956,0]],"v":[[41.567,-0.001],[0.001,41.566],[-41.567,-0.001],[0.001,-41.566]],"c":true},"ix":2},"nm":"Path 1","mn":"ADBE Vector Shape - Group","hd":false},{"ty":"fl","c":{"a":0,"k":[0,0,0,1],"ix":4},"o":{"a":0,"k":100,"ix":5},"r":1,"bm":0,"nm":"Fill 1","mn":"ADBE Vector Graphic - Fill","hd":false},{"ty":"tr","p":{"a":0,"k":[41.816,41.817],"ix":2},"a":{"a":0,"k":[0,0],"ix":1},"s":{"a":0,"k":[100,100],"ix":3},"r":{"a":0,"k":0,"ix":6},"o":{"a":0,"k":100,"ix":7},"sk":{"a":0,"k":0,"ix":4},"sa":{"a":0,"k":0,"ix":5},"nm":"Transform"}],"nm":"Group 1","np":2,"cix":2,"bm":0,"ix":1,"mn":"ADBE Vector Group","hd":false}],"ip":0.99999991344698,"op":72.9999936816292,"st":0.99999991344698,"bm":0},{"ddd":0,"ind":4,"ty":4,"nm":"circle","sr":1,"ks":{"o":{"a":0,"k":100,"ix":11},"r":{"a":0,"k":0,"ix":10},"p":{"a":1,"k":[{"i":{"x":0.248,"y":1},"o":{"x":0.79,"y":0},"t":0,"s":[265.637,498.807,0],"to":[0,-22.096,0],"ti":[0,22.096,0]},{"i":{"x":0.4,"y":0.4},"o":{"x":0.167,"y":0.167},"t":14,"s":[265.637,366.23,0],"to":[0,0,0],"ti":[0,0,0]},{"i":{"x":0.4,"y":1},"o":{"x":0.6,"y":0},"t":36,"s":[265.637,366.23,0],"to":[10.167,-8.417,0],"ti":[-10.167,8.417,0]},{"t":56.9999950664776,"s":[326.637,315.73,0]}],"ix":2},"a":{"a":0,"k":[41.817,41.817,0],"ix":1},"s":{"a":1,"k":[{"i":{"x":[0.667,0.667,0.667],"y":[1,1,1]},"o":{"x":[0.333,0.333,0.333],"y":[0,0,0]},"t":0,"s":[0,0,100]},{"t":13.9999987882577,"s":[100,100,100]}],"ix":6}},"ao":0,"shapes":[{"ty":"gr","it":[{"ind":0,"ty":"sh","ix":1,"ks":{"a":0,"k":{"i":[[0,-22.957],[22.956,0],[0,22.957],[-22.957,0]],"o":[[0,22.957],[-22.957,0],[0,-22.957],[22.956,0]],"v":[[41.567,-0.001],[0.001,41.566],[-41.567,-0.001],[0.001,-41.566]],"c":true},"ix":2},"nm":"Path 1","mn":"ADBE Vector Shape - Group","hd":false},{"ty":"fl","c":{"a":0,"k":[0,0,0,1],"ix":4},"o":{"a":0,"k":100,"ix":5},"r":1,"bm":0,"nm":"Fill 1","mn":"ADBE Vector Graphic - Fill","hd":false},{"ty":"tr","p":{"a":0,"k":[41.816,41.817],"ix":2},"a":{"a":0,"k":[0,0],"ix":1},"s":{"a":0,"k":[100,100],"ix":3},"r":{"a":0,"k":0,"ix":6},"o":{"a":0,"k":100,"ix":7},"sk":{"a":0,"k":0,"ix":4},"sa":{"a":0,"k":0,"ix":5},"nm":"Transform"}],"nm":"Group 1","np":2,"cix":2,"bm":0,"ix":1,"mn":"ADBE Vector Group","hd":false}],"ip":0,"op":72.9999936816292,"st":0,"bm":0},{"ddd":0,"ind":5,"ty":4,"nm":"message Outlines","sr":1,"ks":{"o":{"a":0,"k":100,"ix":11},"r":{"a":0,"k":0,"ix":10},"p":{"a":0,"k":[400,427.003,0],"ix":2},"a":{"a":0,"k":[315.28,274.755,0],"ix":1},"s":{"a":0,"k":[100,100,100],"ix":6}},"ao":0,"shapes":[{"ty":"gr","it":[{"ind":0,"ty":"sh","ix":1,"ks":{"a":0,"k":{"i":[[9.473,0],[0,0],[0,0],[0,0],[0,0],[0,9.472],[0,0],[-9.472,0],[0,0],[0,-9.473],[0,0]],"o":[[0,0],[0,0],[0,0],[0,0],[-9.472,0],[0,0],[0,-9.473],[0,0],[9.473,0],[0,0],[0,9.472]],"v":[[229.848,107.778],[-84.937,107.778],[-175.755,206.475],[-176.582,107.778],[-229.848,107.778],[-247,90.626],[-247,-189.324],[-229.848,-206.475],[229.848,-206.475],[247,-189.324],[247,90.626]],"c":true},"ix":2},"nm":"Path 1","mn":"ADBE Vector Shape - Group","hd":false},{"ty":"st","c":{"a":0,"k":[0,0,0,1],"ix":3},"o":{"a":0,"k":100,"ix":4},"w":{"a":0,"k":27.312,"ix":5},"lc":2,"lj":2,"bm":0,"nm":"Stroke 1","mn":"ADBE Vector Graphic - Stroke","hd":false},{"ty":"fl","c":{"a":0,"k":[1,1,1,1],"ix":4},"o":{"a":0,"k":100,"ix":5},"r":1,"bm":0,"nm":"Fill 1","mn":"ADBE Vector Graphic - Fill","hd":false},{"ty":"tr","p":{"a":0,"k":[315.28,274.755],"ix":2},"a":{"a":0,"k":[0,0],"ix":1},"s":{"a":0,"k":[100,100],"ix":3},"r":{"a":0,"k":0,"ix":6},"o":{"a":0,"k":100,"ix":7},"sk":{"a":0,"k":0,"ix":4},"sa":{"a":0,"k":0,"ix":5},"nm":"Transform"}],"nm":"Group 1","np":3,"cix":2,"bm":0,"ix":1,"mn":"ADBE Vector Group","hd":false}],"ip":0,"op":72.9999936816292,"st":0,"bm":0}],"markers":[]}